product,image
1,product/tufli.webp
2,product/naushnik.webp
3,product/A51_samsung.jpeg
4,product/iphone-14-pro-max-space-black.webp
5,product/tufli.webp
6,product/naushnik.webp
7,product/A51_samsung.jpeg
8,product/iphone-14-pro-max-space-black.webp
9,product/tufli.webp
10,product/naushnik.webp
11,product/A51_samsung.jpeg
12,product/iphone-14-pro-max-space-black.webp
13,product/tufli.webp
14,product/naushnik.webp
15,product/A51_samsung.jpeg
16,product/iphone-14-pro-max-space-black.webp
17,product/tufli.webp
18,product/naushnik.webp
19,product/A51_samsung.jpeg
20,product/iphone-14-pro-max-space-black.webp
21,product/tufli.webp
22,product/naushnik.webp
23,product/A51_samsung.jpeg
24,product/iphone-14-pro-max-space-black.webp
25,product/tufli.webp
26,product/naushnik.webp
27,product/A51_samsung.jpeg
28,product/iphone-14-pro-max-space-black.webp
29,product/tufli.webp
30,product/naushnik.webp
31,product/A51_samsung.jpeg
32,product/iphone-14-pro-max-space-black.webp
33,product/tufli.webp
34,product/naushnik.webp
35,product/A51_samsung.jpeg
36,product/iphone-14-pro-max-space-black.webp
37,product/tufli.webp
38,product/naushnik.webp
39,product/A51_samsung.jpeg
40,product/iphone-14-pro-max-space-black.webp
41,product/tufli.webp
42,product/naushnik.webp
43,product/A51_samsung.jpeg
44,product/iphone-14-pro-max-space-black.webp
45,product/tufli.webp
46,product/naushnik.webp
47,product/A51_samsung.jpeg
48,product/iphone-14-pro-max-space-black.webp
49,product/tufli.webp
50,product/naushnik.webp
51,product/A51_samsung.jpeg
52,product/iphone-14-pro-max-space-black.webp
53,product/tufli.webp
54,product/naushnik.webp
55,product/A51_samsung.jpeg
56,product/iphone-14-pro-max-space-black.webp
57,product/tufli.webp
58,product/naushnik.webp
59,product/A51_samsung.jpeg
60,product/iphone-14-pro-max-space-black.webp
61,product/tufli.webp
62,product/naushnik.webp
63,product/A51_samsung.jpeg
64,product/iphone-14-pro-max-space-black.webp
65,product/tufli.webp
66,product/naushnik.webp
67,product/A51_samsung.jpeg
68,product/iphone-14-pro-max-space-black.webp
69,product/tufli.webp
70,product/naushnik.webp
71,product/A51_samsung.jpeg
72,product/iphone-14-pro-max-space-black.webp
73,product/tufli.webp
74,product/naushnik.webp
75,product/A51_samsung.jpeg
76,product/iphone-14-pro-max-space-black.webp
77,product/tufli.webp
78,product/naushnik.webp
79,product/A51_samsung.jpeg
80,product/iphone-14-pro-max-space-black.webp
81,product/tufli.webp
82,product/naushnik.webp
83,product/A51_samsung.jpeg
84,product/iphone-14-pro-max-space-black.webp
85,product/tufli.webp
86,product/naushnik.webp
87,product/A51_samsung.jpeg
88,product/iphone-14-pro-max-space-black.webp
89,product/tufli.webp
90,product/naushnik.webp
91,product/A51_samsung.jpeg
92,product/iphone-14-pro-max-space-black.webp
93,product/tufli.webp
94,product/naushnik.webp
95,product/A51_samsung.jpeg
96,product/iphone-14-pro-max-space-black.webp
97,product/tufli.webp
98,product/naushnik.webp
99,product/A51_samsung.jpeg
100,product/iphone-14-pro-max-space-black.webp
101,product/tufli.webp
102,product/naushnik.webp
103,product/A51_samsung.jpeg
104,product/iphone-14-pro-max-space-black.webp
105,product/tufli.webp
106,product/naushnik.webp
107,product/A51_samsung.jpeg
108,product/iphone-14-pro-max-space-black.webp
109,product/tufli.webp
110,product/naushnik.webp
111,product/A51_samsung.jpeg
112,product/iphone-14-pro-max-space-black.webp
113,product/tufli.webp
114,product/naushnik.webp
115,product/A51_samsung.jpeg
116,product/iphone-14-pro-max-space-black.webp
117,product/tufli.webp
118,product/naushnik.webp
119,product/A51_samsung.jpeg
120,product/iphone-14-pro-max-space-black.webp
121,product/tufli.webp
122,product/naushnik.webp
123,product/A51_samsung.jpeg
124,product/iphone-14-pro-max-space-black.webp
125,product/tufli.webp
126,product/naushnik.webp
127,product/A51_samsung.jpeg
128,product/iphone-14-pro-max-space-black.webp
129,product/tufli.webp
130,product/naushnik.webp
131,product/A51_samsung.jpeg
132,product/iphone-14-pro-max-space-black.webp
133,product/tufli.webp
134,product/naushnik.webp
135,product/A51_samsung.jpeg
136,product/iphone-14-pro-max-space-black.webp
137,product/tufli.webp
138,product/naushnik.webp
139,product/A51_samsung.jpeg
140,product/iphone-14-pro-max-space-black.webp
141,product/tufli.webp
142,product/naushnik.webp
143,product/A51_samsung.jpeg
144,product/iphone-14-pro-max-space-black.webp
145,product/tufli.webp
146,product/naushnik.webp
147,product/A51_samsung.jpeg
148,product/iphone-14-pro-max-space-black.webp
149,product/tufli.webp
150,product/naushnik.webp
151,product/A51_samsung.jpeg
152,product/iphone-14-pro-max-space-black.webp
153,product/tufli.webp
154,product/naushnik.webp
155,product/A51_samsung.jpeg
156,product/iphone-14-pro-max-space-black.webp
157,product/tufli.webp
158,product/naushnik.webp
159,product/A51_samsung.jpeg
160,product/iphone-14-pro-max-space-black.webp
161,product/tufli.webp
162,product/naushnik.webp
163,product/A51_samsung.jpeg
164,product/iphone-14-pro-max-space-black.webp
165,product/tufli.webp
166,product/naushnik.webp
167,product/A51_samsung.jpeg
168,product/iphone-14-pro-max-space-black.webp
169,product/tufli.webp
170,product/naushnik.webp
171,product/A51_samsung.jpeg
172,product/iphone-14-pro-max-space-black.webp
173,product/tufli.webp
174,product/naushnik.webp
175,product/A51_samsung.jpeg
176,product/iphone-14-pro-max-space-black.webp
177,product/tufli.webp
178,product/naushnik.webp
179,product/A51_samsung.jpeg
180,product/iphone-14-pro-max-space-black.webp
181,product/tufli.webp
182,product/naushnik.webp
183,product/A51_samsung.jpeg
184,product/iphone-14-pro-max-space-black.webp
185,product/tufli.webp
186,product/naushnik.webp
187,product/A51_samsung.jpeg
188,product/iphone-14-pro-max-space-black.webp
189,product/tufli.webp
190,product/naushnik.webp
191,product/A51_samsung.jpeg
192,product/iphone-14-pro-max-space-black.webp
193,product/tufli.webp
194,product/naushnik.webp
195,product/A51_samsung.jpeg
196,product/iphone-14-pro-max-space-black.webp
197,product/tufli.webp
198,product/naushnik.webp
199,product/A51_samsung.jpeg
200,product/iphone-14-pro-max-space-black.webp
201,product/tufli.webp
202,product/naushnik.webp
203,product/A51_samsung.jpeg
204,product/iphone-14-pro-max-space-black.webp
205,product/tufli.webp
206,product/naushnik.webp
207,product/A51_samsung.jpeg
208,product/iphone-14-pro-max-space-black.webp
209,product/tufli.webp
210,product/naushnik.webp
211,product/A51_samsung.jpeg
212,product/iphone-14-pro-max-space-black.webp
213,product/tufli.webp
214,product/naushnik.webp
215,product/A51_samsung.jpeg
216,product/iphone-14-pro-max-space-black.webp
217,product/tufli.webp
218,product/naushnik.webp
219,product/A51_samsung.jpeg
220,product/iphone-14-pro-max-space-black.webp
221,product/tufli.webp
222,product/naushnik.webp
223,product/A51_samsung.jpeg
224,product/iphone-14-pro-max-space-black.webp
225,product/tufli.webp
226,product/naushnik.webp
227,product/A51_samsung.jpeg
228,product/iphone-14-pro-max-space-black.webp
229,product/tufli.webp
230,product/naushnik.webp
231,product/A51_samsung.jpeg
232,product/iphone-14-pro-max-space-black.webp
233,product/tufli.webp
234,product/naushnik.webp
235,product/A51_samsung.jpeg
236,product/iphone-14-pro-max-space-black.webp
237,product/tufli.webp
238,product/naushnik.webp
239,product/A51_samsung.jpeg
240,product/iphone-14-pro-max-space-black.webp
241,product/tufli.webp
242,product/naushnik.webp
243,product/A51_samsung.jpeg
244,product/iphone-14-pro-max-space-black.webp
245,product/tufli.webp
246,product/naushnik.webp
247,product/A51_samsung.jpeg
248,product/iphone-14-pro-max-space-black.webp
249,product/tufli.webp
250,product/naushnik.webp
251,product/A51_samsung.jpeg
252,product/iphone-14-pro-max-space-black.webp
253,product/tufli.webp
254,product/naushnik.webp
255,product/A51_samsung.jpeg
256,product/iphone-14-pro-max-space-black.webp
257,product/tufli.webp
258,product/naushnik.webp
259,product/A51_samsung.jpeg
260,product/iphone-14-pro-max-space-black.webp
261,product/tufli.webp
262,product/naushnik.webp
263,product/A51_samsung.jpeg
264,product/iphone-14-pro-max-space-black.webp
265,product/tufli.webp
266,product/naushnik.webp
267,product/A51_samsung.jpeg
268,product/iphone-14-pro-max-space-black.webp
269,product/tufli.webp
270,product/naushnik.webp
271,product/A51_samsung.jpeg
272,product/iphone-14-pro-max-space-black.webp
273,product/tufli.webp
274,product/naushnik.webp
275,product/A51_samsung.jpeg
276,product/iphone-14-pro-max-space-black.webp
277,product/tufli.webp
278,product/naushnik.webp
279,product/A51_samsung.jpeg
280,product/iphone-14-pro-max-space-black.webp
281,product/tufli.webp
282,product/naushnik.webp
283,product/A51_samsung.jpeg
284,product/iphone-14-pro-max-space-black.webp
285,product/tufli.webp
286,product/naushnik.webp
287,product/A51_samsung.jpeg
288,product/iphone-14-pro-max-space-black.webp
289,product/tufli.webp
290,product/naushnik.webp
291,product/A51_samsung.jpeg
292,product/iphone-14-pro-max-space-black.webp
293,product/tufli.webp
294,product/naushnik.webp
295,product/A51_samsung.jpeg
296,product/iphone-14-pro-max-space-black.webp
297,product/tufli.webp
298,product/naushnik.webp
299,product/A51_samsung.jpeg
300,product/iphone-14-pro-max-space-black.webp
301,product/tufli.webp
302,product/naushnik.webp
303,product/A51_samsung.jpeg
304,product/iphone-14-pro-max-space-black.webp
305,product/tufli.webp
306,product/naushnik.webp
307,product/A51_samsung.jpeg
308,product/iphone-14-pro-max-space-black.webp
309,product/tufli.webp
310,product/naushnik.webp
311,product/A51_samsung.jpeg
312,product/iphone-14-pro-max-space-black.webp
313,product/tufli.webp
314,product/naushnik.webp
315,product/A51_samsung.jpeg
316,product/iphone-14-pro-max-space-black.webp
317,product/tufli.webp
318,product/naushnik.webp
319,product/A51_samsung.jpeg
320,product/iphone-14-pro-max-space-black.webp
321,product/tufli.webp
322,product/naushnik.webp
323,product/A51_samsung.jpeg
324,product/iphone-14-pro-max-space-black.webp
325,product/tufli.webp
326,product/naushnik.webp
327,product/A51_samsung.jpeg
328,product/iphone-14-pro-max-space-black.webp
329,product/tufli.webp
330,product/naushnik.webp
331,product/A51_samsung.jpeg
332,product/iphone-14-pro-max-space-black.webp
333,product/tufli.webp
334,product/naushnik.webp
335,product/A51_samsung.jpeg
336,product/iphone-14-pro-max-space-black.webp
337,product/tufli.webp
338,product/naushnik.webp
339,product/A51_samsung.jpeg
340,product/iphone-14-pro-max-space-black.webp
341,product/tufli.webp
342,product/naushnik.webp
343,product/A51_samsung.jpeg
344,product/iphone-14-pro-max-space-black.webp
345,product/tufli.webp
346,product/naushnik.webp
347,product/A51_samsung.jpeg
348,product/iphone-14-pro-max-space-black.webp
349,product/tufli.webp
350,product/naushnik.webp
351,product/A51_samsung.jpeg
352,product/iphone-14-pro-max-space-black.webp
353,product/tufli.webp
354,product/naushnik.webp
355,product/A51_samsung.jpeg
356,product/iphone-14-pro-max-space-black.webp
357,product/tufli.webp
358,product/naushnik.webp
359,product/A51_samsung.jpeg
360,product/iphone-14-pro-max-space-black.webp
361,product/tufli.webp
362,product/naushnik.webp
363,product/A51_samsung.jpeg
364,product/iphone-14-pro-max-space-black.webp
365,product/tufli.webp
366,product/naushnik.webp
367,product/A51_samsung.jpeg
368,product/iphone-14-pro-max-space-black.webp
369,product/tufli.webp
370,product/naushnik.webp
371,product/A51_samsung.jpeg
372,product/iphone-14-pro-max-space-black.webp
373,product/tufli.webp
374,product/naushnik.webp
375,product/A51_samsung.jpeg
376,product/iphone-14-pro-max-space-black.webp
377,product/tufli.webp
378,product/naushnik.webp
379,product/A51_samsung.jpeg
380,product/iphone-14-pro-max-space-black.webp
381,product/tufli.webp
382,product/naushnik.webp
383,product/A51_samsung.jpeg
384,product/iphone-14-pro-max-space-black.webp
385,product/tufli.webp
386,product/naushnik.webp
387,product/A51_samsung.jpeg
388,product/iphone-14-pro-max-space-black.webp
389,product/tufli.webp
390,product/naushnik.webp
391,product/A51_samsung.jpeg
392,product/iphone-14-pro-max-space-black.webp
393,product/tufli.webp
394,product/naushnik.webp
395,product/A51_samsung.jpeg
396,product/iphone-14-pro-max-space-black.webp
397,product/tufli.webp
398,product/naushnik.webp
399,product/A51_samsung.jpeg
400,product/iphone-14-pro-max-space-black.webp
401,product/tufli.webp
402,product/naushnik.webp
403,product/A51_samsung.jpeg
404,product/iphone-14-pro-max-space-black.webp
405,product/tufli.webp
406,product/naushnik.webp
407,product/A51_samsung.jpeg
408,product/iphone-14-pro-max-space-black.webp
409,product/tufli.webp
410,product/naushnik.webp
411,product/A51_samsung.jpeg
412,product/iphone-14-pro-max-space-black.webp
413,product/tufli.webp
414,product/naushnik.webp
415,product/A51_samsung.jpeg
416,product/iphone-14-pro-max-space-black.webp
417,product/tufli.webp
418,product/naushnik.webp
419,product/A51_samsung.jpeg
420,product/iphone-14-pro-max-space-black.webp
421,product/tufli.webp
422,product/naushnik.webp
423,product/A51_samsung.jpeg
424,product/iphone-14-pro-max-space-black.webp
425,product/tufli.webp
426,product/naushnik.webp
427,product/A51_samsung.jpeg
428,product/iphone-14-pro-max-space-black.webp
429,product/tufli.webp
430,product/naushnik.webp
431,product/A51_samsung.jpeg
432,product/iphone-14-pro-max-space-black.webp
433,product/tufli.webp
434,product/naushnik.webp
435,product/A51_samsung.jpeg
436,product/iphone-14-pro-max-space-black.webp
437,product/tufli.webp
438,product/naushnik.webp
439,product/A51_samsung.jpeg
440,product/iphone-14-pro-max-space-black.webp
441,product/tufli.webp
442,product/naushnik.webp
443,product/A51_samsung.jpeg
444,product/iphone-14-pro-max-space-black.webp
445,product/tufli.webp
446,product/naushnik.webp
447,product/A51_samsung.jpeg
448,product/iphone-14-pro-max-space-black.webp
449,product/tufli.webp
450,product/naushnik.webp
451,product/A51_samsung.jpeg
452,product/iphone-14-pro-max-space-black.webp
453,product/tufli.webp
454,product/naushnik.webp
455,product/A51_samsung.jpeg
456,product/iphone-14-pro-max-space-black.webp
457,product/tufli.webp
458,product/naushnik.webp
459,product/A51_samsung.jpeg
460,product/iphone-14-pro-max-space-black.webp
461,product/tufli.webp
462,product/naushnik.webp
463,product/A51_samsung.jpeg
464,product/iphone-14-pro-max-space-black.webp
465,product/tufli.webp
466,product/naushnik.webp
467,product/A51_samsung.jpeg
468,product/iphone-14-pro-max-space-black.webp
469,product/tufli.webp
470,product/naushnik.webp
471,product/A51_samsung.jpeg
472,product/iphone-14-pro-max-space-black.webp
473,product/tufli.webp
474,product/naushnik.webp
475,product/A51_samsung.jpeg
476,product/iphone-14-pro-max-space-black.webp
477,product/tufli.webp
478,product/naushnik.webp
479,product/A51_samsung.jpeg
480,product/iphone-14-pro-max-space-black.webp
481,product/tufli.webp
482,product/naushnik.webp
483,product/A51_samsung.jpeg
484,product/iphone-14-pro-max-space-black.webp
485,product/tufli.webp
486,product/naushnik.webp
487,product/A51_samsung.jpeg
488,product/iphone-14-pro-max-space-black.webp
489,product/tufli.webp
490,product/naushnik.webp
491,product/A51_samsung.jpeg
492,product/iphone-14-pro-max-space-black.webp
493,product/tufli.webp
494,product/naushnik.webp
495,product/A51_samsung.jpeg
496,product/iphone-14-pro-max-space-black.webp
497,product/tufli.webp
498,product/naushnik.webp
499,product/A51_samsung.jpeg
500,product/iphone-14-pro-max-space-black.webp
501,product/tufli.webp
502,product/naushnik.webp
503,product/A51_samsung.jpeg
504,product/iphone-14-pro-max-space-black.webp
505,product/tufli.webp
506,product/naushnik.webp
507,product/A51_samsung.jpeg
508,product/iphone-14-pro-max-space-black.webp
509,product/tufli.webp
510,product/naushnik.webp
511,product/A51_samsung.jpeg
512,product/iphone-14-pro-max-space-black.webp
513,product/tufli.webp
514,product/naushnik.webp
515,product/A51_samsung.jpeg
516,product/iphone-14-pro-max-space-black.webp
517,product/tufli.webp
518,product/naushnik.webp
519,product/A51_samsung.jpeg
520,product/iphone-14-pro-max-space-black.webp
521,product/tufli.webp
522,product/naushnik.webp
523,product/A51_samsung.jpeg
524,product/iphone-14-pro-max-space-black.webp
525,product/tufli.webp
526,product/naushnik.webp
527,product/A51_samsung.jpeg
528,product/iphone-14-pro-max-space-black.webp
529,product/tufli.webp
530,product/naushnik.webp
531,product/A51_samsung.jpeg
532,product/iphone-14-pro-max-space-black.webp
533,product/tufli.webp
534,product/naushnik.webp
535,product/A51_samsung.jpeg
536,product/iphone-14-pro-max-space-black.webp
537,product/tufli.webp
538,product/naushnik.webp
539,product/A51_samsung.jpeg
540,product/iphone-14-pro-max-space-black.webp
541,product/tufli.webp
542,product/naushnik.webp
543,product/A51_samsung.jpeg
544,product/iphone-14-pro-max-space-black.webp
545,product/tufli.webp
546,product/naushnik.webp
547,product/A51_samsung.jpeg
548,product/iphone-14-pro-max-space-black.webp
549,product/tufli.webp
550,product/naushnik.webp
551,product/A51_samsung.jpeg
552,product/iphone-14-pro-max-space-black.webp
553,product/tufli.webp
554,product/naushnik.webp
555,product/A51_samsung.jpeg
556,product/iphone-14-pro-max-space-black.webp
557,product/tufli.webp
558,product/naushnik.webp
559,product/A51_samsung.jpeg
560,product/iphone-14-pro-max-space-black.webp
561,product/tufli.webp
562,product/naushnik.webp
563,product/A51_samsung.jpeg
564,product/iphone-14-pro-max-space-black.webp
565,product/tufli.webp
566,product/naushnik.webp
567,product/A51_samsung.jpeg
568,product/iphone-14-pro-max-space-black.webp
569,product/tufli.webp
570,product/naushnik.webp
571,product/A51_samsung.jpeg
572,product/iphone-14-pro-max-space-black.webp
573,product/tufli.webp
574,product/naushnik.webp
575,product/A51_samsung.jpeg
576,product/iphone-14-pro-max-space-black.webp
577,product/tufli.webp
578,product/naushnik.webp
579,product/A51_samsung.jpeg
580,product/iphone-14-pro-max-space-black.webp
581,product/tufli.webp
582,product/naushnik.webp
583,product/A51_samsung.jpeg
584,product/iphone-14-pro-max-space-black.webp
585,product/tufli.webp
586,product/naushnik.webp
587,product/A51_samsung.jpeg
588,product/iphone-14-pro-max-space-black.webp
589,product/tufli.webp
590,product/naushnik.webp
591,product/A51_samsung.jpeg
592,product/iphone-14-pro-max-space-black.webp
593,product/tufli.webp
594,product/naushnik.webp
595,product/A51_samsung.jpeg
596,product/iphone-14-pro-max-space-black.webp
597,product/tufli.webp
598,product/naushnik.webp
599,product/A51_samsung.jpeg
600,product/iphone-14-pro-max-space-black.webp
601,product/tufli.webp
602,product/naushnik.webp
603,product/A51_samsung.jpeg
604,product/iphone-14-pro-max-space-black.webp
605,product/tufli.webp
606,product/naushnik.webp
607,product/A51_samsung.jpeg
608,product/iphone-14-pro-max-space-black.webp
609,product/tufli.webp
610,product/naushnik.webp
611,product/A51_samsung.jpeg
612,product/iphone-14-pro-max-space-black.webp
613,product/tufli.webp
614,product/naushnik.webp
615,product/A51_samsung.jpeg
616,product/iphone-14-pro-max-space-black.webp
617,product/tufli.webp
618,product/naushnik.webp
619,product/A51_samsung.jpeg
620,product/iphone-14-pro-max-space-black.webp
621,product/tufli.webp
622,product/naushnik.webp
623,product/A51_samsung.jpeg
624,product/iphone-14-pro-max-space-black.webp
625,product/tufli.webp
626,product/naushnik.webp
627,product/A51_samsung.jpeg
628,product/iphone-14-pro-max-space-black.webp
629,product/tufli.webp
630,product/naushnik.webp
631,product/A51_samsung.jpeg
632,product/iphone-14-pro-max-space-black.webp
633,product/tufli.webp
634,product/naushnik.webp
635,product/A51_samsung.jpeg
636,product/iphone-14-pro-max-space-black.webp
637,product/tufli.webp
638,product/naushnik.webp
639,product/A51_samsung.jpeg
640,product/iphone-14-pro-max-space-black.webp
641,product/tufli.webp
642,product/naushnik.webp
643,product/A51_samsung.jpeg
644,product/iphone-14-pro-max-space-black.webp
645,product/tufli.webp
646,product/naushnik.webp
647,product/A51_samsung.jpeg
648,product/iphone-14-pro-max-space-black.webp
649,product/tufli.webp
650,product/naushnik.webp
651,product/A51_samsung.jpeg
652,product/iphone-14-pro-max-space-black.webp
653,product/tufli.webp
654,product/naushnik.webp
655,product/A51_samsung.jpeg
656,product/iphone-14-pro-max-space-black.webp
657,product/tufli.webp
658,product/naushnik.webp
659,product/A51_samsung.jpeg
660,product/iphone-14-pro-max-space-black.webp
661,product/tufli.webp
662,product/naushnik.webp
663,product/A51_samsung.jpeg
664,product/iphone-14-pro-max-space-black.webp
665,product/tufli.webp
666,product/naushnik.webp
667,product/A51_samsung.jpeg
668,product/iphone-14-pro-max-space-black.webp
669,product/tufli.webp
670,product/naushnik.webp
671,product/A51_samsung.jpeg
672,product/iphone-14-pro-max-space-black.webp
673,product/tufli.webp
674,product/naushnik.webp
675,product/A51_samsung.jpeg
676,product/iphone-14-pro-max-space-black.webp
677,product/tufli.webp
678,product/naushnik.webp
679,product/A51_samsung.jpeg
680,product/iphone-14-pro-max-space-black.webp
681,product/tufli.webp
682,product/naushnik.webp
683,product/A51_samsung.jpeg
684,product/iphone-14-pro-max-space-black.webp
685,product/tufli.webp
686,product/naushnik.webp
687,product/A51_samsung.jpeg
688,product/iphone-14-pro-max-space-black.webp
689,product/tufli.webp
690,product/naushnik.webp
691,product/A51_samsung.jpeg
692,product/iphone-14-pro-max-space-black.webp
693,product/tufli.webp
694,product/naushnik.webp
695,product/A51_samsung.jpeg
696,product/iphone-14-pro-max-space-black.webp
697,product/tufli.webp
698,product/naushnik.webp
699,product/A51_samsung.jpeg
700,product/iphone-14-pro-max-space-black.webp
701,product/tufli.webp
702,product/naushnik.webp
703,product/A51_samsung.jpeg
704,product/iphone-14-pro-max-space-black.webp
705,product/tufli.webp
706,product/naushnik.webp
707,product/A51_samsung.jpeg
708,product/iphone-14-pro-max-space-black.webp
709,product/tufli.webp
710,product/naushnik.webp
711,product/A51_samsung.jpeg
712,product/iphone-14-pro-max-space-black.webp
713,product/tufli.webp
714,product/naushnik.webp
715,product/A51_samsung.jpeg
716,product/iphone-14-pro-max-space-black.webp
717,product/tufli.webp
718,product/naushnik.webp
719,product/A51_samsung.jpeg
720,product/iphone-14-pro-max-space-black.webp
721,product/tufli.webp
722,product/naushnik.webp
723,product/A51_samsung.jpeg
724,product/iphone-14-pro-max-space-black.webp
725,product/tufli.webp
726,product/naushnik.webp
727,product/A51_samsung.jpeg
728,product/iphone-14-pro-max-space-black.webp
729,product/tufli.webp
730,product/naushnik.webp
731,product/A51_samsung.jpeg
732,product/iphone-14-pro-max-space-black.webp
733,product/tufli.webp
734,product/naushnik.webp
735,product/A51_samsung.jpeg
736,product/iphone-14-pro-max-space-black.webp
737,product/tufli.webp
738,product/naushnik.webp
739,product/A51_samsung.jpeg
740,product/iphone-14-pro-max-space-black.webp
741,product/tufli.webp
742,product/naushnik.webp
743,product/A51_samsung.jpeg
744,product/iphone-14-pro-max-space-black.webp
745,product/tufli.webp
746,product/naushnik.webp
747,product/A51_samsung.jpeg
748,product/iphone-14-pro-max-space-black.webp
749,product/tufli.webp
750,product/naushnik.webp
751,product/A51_samsung.jpeg
752,product/iphone-14-pro-max-space-black.webp
753,product/tufli.webp
754,product/naushnik.webp
755,product/A51_samsung.jpeg
756,product/iphone-14-pro-max-space-black.webp
757,product/tufli.webp
758,product/naushnik.webp
759,product/A51_samsung.jpeg
760,product/iphone-14-pro-max-space-black.webp
761,product/tufli.webp
762,product/naushnik.webp
763,product/A51_samsung.jpeg
764,product/iphone-14-pro-max-space-black.webp
765,product/tufli.webp
766,product/naushnik.webp
767,product/A51_samsung.jpeg
768,product/iphone-14-pro-max-space-black.webp
769,product/tufli.webp
770,product/naushnik.webp
771,product/A51_samsung.jpeg
772,product/iphone-14-pro-max-space-black.webp
773,product/tufli.webp
774,product/naushnik.webp
775,product/A51_samsung.jpeg
776,product/iphone-14-pro-max-space-black.webp
777,product/tufli.webp
778,product/naushnik.webp
779,product/A51_samsung.jpeg
780,product/iphone-14-pro-max-space-black.webp
781,product/tufli.webp
782,product/naushnik.webp
783,product/A51_samsung.jpeg
784,product/iphone-14-pro-max-space-black.webp
785,product/tufli.webp
786,product/naushnik.webp
787,product/A51_samsung.jpeg
788,product/iphone-14-pro-max-space-black.webp
789,product/tufli.webp
790,product/naushnik.webp
791,product/A51_samsung.jpeg
792,product/iphone-14-pro-max-space-black.webp
793,product/tufli.webp
794,product/naushnik.webp
795,product/A51_samsung.jpeg
796,product/iphone-14-pro-max-space-black.webp
797,product/tufli.webp
798,product/naushnik.webp
799,product/A51_samsung.jpeg
800,product/iphone-14-pro-max-space-black.webp
801,product/tufli.webp
802,product/naushnik.webp
803,product/A51_samsung.jpeg
804,product/iphone-14-pro-max-space-black.webp
805,product/tufli.webp
806,product/naushnik.webp
807,product/A51_samsung.jpeg
808,product/iphone-14-pro-max-space-black.webp
809,product/tufli.webp
810,product/naushnik.webp
811,product/A51_samsung.jpeg
812,product/iphone-14-pro-max-space-black.webp
813,product/tufli.webp
814,product/naushnik.webp
815,product/A51_samsung.jpeg
816,product/iphone-14-pro-max-space-black.webp
817,product/tufli.webp
818,product/naushnik.webp
819,product/A51_samsung.jpeg
820,product/iphone-14-pro-max-space-black.webp
821,product/tufli.webp
822,product/naushnik.webp
823,product/A51_samsung.jpeg
824,product/iphone-14-pro-max-space-black.webp
825,product/tufli.webp
826,product/naushnik.webp
827,product/A51_samsung.jpeg
828,product/iphone-14-pro-max-space-black.webp
829,product/tufli.webp
830,product/naushnik.webp
831,product/A51_samsung.jpeg
832,product/iphone-14-pro-max-space-black.webp
833,product/tufli.webp
834,product/naushnik.webp
835,product/A51_samsung.jpeg
836,product/iphone-14-pro-max-space-black.webp
837,product/tufli.webp
838,product/naushnik.webp
839,product/A51_samsung.jpeg
840,product/iphone-14-pro-max-space-black.webp
841,product/tufli.webp
842,product/naushnik.webp
843,product/A51_samsung.jpeg
844,product/iphone-14-pro-max-space-black.webp
845,product/tufli.webp
846,product/naushnik.webp
847,product/A51_samsung.jpeg
848,product/iphone-14-pro-max-space-black.webp
849,product/tufli.webp
850,product/naushnik.webp
851,product/A51_samsung.jpeg
852,product/iphone-14-pro-max-space-black.webp
853,product/tufli.webp
854,product/naushnik.webp
855,product/A51_samsung.jpeg
856,product/iphone-14-pro-max-space-black.webp
857,product/tufli.webp
858,product/naushnik.webp
859,product/A51_samsung.jpeg
860,product/iphone-14-pro-max-space-black.webp
861,product/tufli.webp
862,product/naushnik.webp
863,product/A51_samsung.jpeg
864,product/iphone-14-pro-max-space-black.webp
865,product/tufli.webp
866,product/naushnik.webp
867,product/A51_samsung.jpeg
868,product/iphone-14-pro-max-space-black.webp
869,product/tufli.webp
870,product/naushnik.webp
871,product/A51_samsung.jpeg
872,product/iphone-14-pro-max-space-black.webp
873,product/tufli.webp
874,product/naushnik.webp
875,product/A51_samsung.jpeg
876,product/iphone-14-pro-max-space-black.webp
877,product/tufli.webp
878,product/naushnik.webp
879,product/A51_samsung.jpeg
880,product/iphone-14-pro-max-space-black.webp
881,product/tufli.webp
882,product/naushnik.webp
883,product/A51_samsung.jpeg
884,product/iphone-14-pro-max-space-black.webp
885,product/tufli.webp
886,product/naushnik.webp
887,product/A51_samsung.jpeg
888,product/iphone-14-pro-max-space-black.webp
889,product/tufli.webp
890,product/naushnik.webp
891,product/A51_samsung.jpeg
892,product/iphone-14-pro-max-space-black.webp
893,product/tufli.webp
894,product/naushnik.webp
895,product/A51_samsung.jpeg
896,product/iphone-14-pro-max-space-black.webp
897,product/tufli.webp
898,product/naushnik.webp
899,product/A51_samsung.jpeg
900,product/iphone-14-pro-max-space-black.webp
901,product/tufli.webp
902,product/naushnik.webp
903,product/A51_samsung.jpeg
904,product/iphone-14-pro-max-space-black.webp
905,product/tufli.webp
906,product/naushnik.webp
907,product/A51_samsung.jpeg
908,product/iphone-14-pro-max-space-black.webp
909,product/tufli.webp
910,product/naushnik.webp
911,product/A51_samsung.jpeg
912,product/iphone-14-pro-max-space-black.webp
913,product/tufli.webp
914,product/naushnik.webp
915,product/A51_samsung.jpeg
916,product/iphone-14-pro-max-space-black.webp
917,product/tufli.webp
918,product/naushnik.webp
919,product/A51_samsung.jpeg
920,product/iphone-14-pro-max-space-black.webp
921,product/tufli.webp
922,product/naushnik.webp
923,product/A51_samsung.jpeg
924,product/iphone-14-pro-max-space-black.webp
925,product/tufli.webp
926,product/naushnik.webp
927,product/A51_samsung.jpeg
928,product/iphone-14-pro-max-space-black.webp
929,product/tufli.webp
930,product/naushnik.webp
931,product/A51_samsung.jpeg
932,product/iphone-14-pro-max-space-black.webp
933,product/tufli.webp
934,product/naushnik.webp
935,product/A51_samsung.jpeg
936,product/iphone-14-pro-max-space-black.webp
937,product/tufli.webp
938,product/naushnik.webp
939,product/A51_samsung.jpeg
940,product/iphone-14-pro-max-space-black.webp
941,product/tufli.webp
942,product/naushnik.webp
943,product/A51_samsung.jpeg
944,product/iphone-14-pro-max-space-black.webp
945,product/tufli.webp
946,product/naushnik.webp
947,product/A51_samsung.jpeg
948,product/iphone-14-pro-max-space-black.webp
949,product/tufli.webp
950,product/naushnik.webp
951,product/A51_samsung.jpeg
952,product/iphone-14-pro-max-space-black.webp
953,product/tufli.webp
954,product/naushnik.webp
955,product/A51_samsung.jpeg
956,product/iphone-14-pro-max-space-black.webp
957,product/tufli.webp
958,product/naushnik.webp
959,product/A51_samsung.jpeg
960,product/iphone-14-pro-max-space-black.webp
961,product/tufli.webp
962,product/naushnik.webp
963,product/A51_samsung.jpeg
964,product/iphone-14-pro-max-space-black.webp
965,product/tufli.webp
966,product/naushnik.webp
967,product/A51_samsung.jpeg
968,product/iphone-14-pro-max-space-black.webp
969,product/tufli.webp
970,product/naushnik.webp
971,product/A51_samsung.jpeg
972,product/iphone-14-pro-max-space-black.webp
973,product/tufli.webp
974,product/naushnik.webp
975,product/A51_samsung.jpeg
976,product/iphone-14-pro-max-space-black.webp
977,product/tufli.webp
978,product/naushnik.webp
979,product/A51_samsung.jpeg
980,product/iphone-14-pro-max-space-black.webp
981,product/tufli.webp
982,product/naushnik.webp
983,product/A51_samsung.jpeg
984,product/iphone-14-pro-max-space-black.webp
985,product/tufli.webp
986,product/naushnik.webp
987,product/A51_samsung.jpeg
988,product/iphone-14-pro-max-space-black.webp
989,product/tufli.webp
990,product/naushnik.webp
991,product/A51_samsung.jpeg
992,product/iphone-14-pro-max-space-black.webp
993,product/tufli.webp
994,product/naushnik.webp
995,product/A51_samsung.jpeg
996,product/iphone-14-pro-max-space-black.webp
997,product/tufli.webp
998,product/naushnik.webp
999,product/A51_samsung.jpeg
1000,product/iphone-14-pro-max-space-black.webp
